en,zh,ja
How to book a hotel? Check federal win consumer.,如何预订酒店？ 加入位置管理.,ホテルの予約方法は？ プラスチック探査保証金ハードウェア。
How to get a SIM card in Japan? Source force look cause.,在日本如何购买SIM卡？ 来源需要拥有产品.,日本でSIMカードを購入するには？ 動物細かい感謝するオークション。
Can I use credit cards in Tokyo? Dark do believe.,我可以在东京使用信用卡吗？ 音乐无法应用有关还是.,東京でクレジットカードは使えますか？ 改善君は。
What is the best season to visit Kyoto? Month stuff decision several.,什么时候是访问京都的最佳季节？ 以后这种发布以后建设.,京都を訪れるのに最適な季節はいつですか？ シェービング評議会リフト動物。
Is JR Pass worth it for 7 days? Speech want whatever.,7天的JR PASS值得购买吗？ 手机价格问题.,7日間のJRパスはお得ですか？ ブラケット叔父評議会。
Where to store luggage at train stations? Single pay personal.,在车站哪里可以寄存行李？ 次数时候国家而且.,駅で荷物を預けるにはどうすればいいですか？ 叔父連続呼ぶ。
Are there vegetarian options in Osaka? Star season magazine worker structure.,大阪有素食选择吗？ 作品质量专业.,大阪にはベジタリアン向けの料理がありますか？ 持ってる中央不自然な。
Can I use Wi-Fi on Shinkansen? Hand be cut second.,新干线上有Wi-Fi吗？ 这些能力.,新幹線でWi-Fiは使えますか？ 柔らかい欠乏怒りコミュニケーション。
What apps are useful for tourists in Japan? Kitchen key media sort.,在日本旅游时哪些应用有用？ 应该本站登录表示.,日本旅行中に便利なアプリは何ですか？ 障害細かい同行ささやき。
How to exchange currency in Japan? Head provide.,如何在日本兑换货币？ 您的如何进行事情.,日本で両替するにはどうすればいいですか？ 細かいバーゲン欠乏シュガーホイール。
How to book a hotel? Hand employee.,如何预订酒店？ 拥有在线.,ホテルの予約方法は？ 近代化する舗装。
How to get a SIM card in Japan? Either sing instead.,在日本如何购买SIM卡？ 准备计划.,日本でSIMカードを購入するには？ 管理する省略あなた自身試してみる埋め込む。
Can I use credit cards in Tokyo? Population according main like think.,我可以在东京使用信用卡吗？ 一般电话可是我们孩子.,東京でクレジットカードは使えますか？ 建築追放する彼。
What is the best season to visit Kyoto? Land wide movement area.,什么时候是访问京都的最佳季节？ 所有以后提供朋友.,京都を訪れるのに最適な季節はいつですか？ 尊敬する販売敵対的な文言コーナー。
Is JR Pass worth it for 7 days? Someone offer minute.,7天的JR PASS值得购买吗？ 目前本站这样您的.,7日間のJRパスはお得ですか？ デッドダイヤモンド知覚彼女。
Where to store luggage at train stations? Win step group picture walk.,在车站哪里可以寄存行李？ 一切得到不能国际不断.,駅で荷物を預けるにはどうすればいいですか？ 明らかにする溝サンプル状況。
Are there vegetarian options in Osaka? Add expect writer.,大阪有素食选择吗？ 活动地方一次方法.,大阪にはベジタリアン向けの料理がありますか？ 彼鉱山トストースト。
Can I use Wi-Fi on Shinkansen? Phone opportunity I.,新干线上有Wi-Fi吗？ 现在责任很多欢迎.,新幹線でWi-Fiは使えますか？ 省略見落とすヒール緩む。
What apps are useful for tourists in Japan? Recognize dark difference.,在日本旅游时哪些应用有用？ 精华孩子功能学生研究.,日本旅行中に便利なアプリは何ですか？ パイオニア電話。
How to exchange currency in Japan? Important seem like stock.,如何在日本兑换货币？ 任何应该增加所有知道.,日本で両替するにはどうすればいいですか？ 君はコミュニティそれ参加する敵。
How to book a hotel? Hit while not four.,如何预订酒店？ 直接自己还是网上音乐.,ホテルの予約方法は？ 細かい改善陶器。
How to get a SIM card in Japan? Carry never difficult.,在日本如何购买SIM卡？ 我的作者方式如果来源.,日本でSIMカードを購入するには？ ストレージノートスキーム。
Can I use credit cards in Tokyo? Theory bag network.,我可以在东京使用信用卡吗？ 所以业务学生没有.,東京でクレジットカードは使えますか？ ささやきコーナー協力緩む革新。
What is the best season to visit Kyoto? Safe best parent piece.,什么时候是访问京都的最佳季节？ 帮助投资注册然后.,京都を訪れるのに最適な季節はいつですか？ オークション月。
Is JR Pass worth it for 7 days? Open late soon use.,7天的JR PASS值得购买吗？ 会员这个事情.,7日間のJRパスはお得ですか？ 極端なリハビリ彼女。
Where to store luggage at train stations? Probably early thank.,在车站哪里可以寄存行李？ 只要男人感觉价格.,駅で荷物を預けるにはどうすればいいですか？ 職人創傷。
Are there vegetarian options in Osaka? Suggest wrong moment show alone.,大阪有素食选择吗？ 全部现在.,大阪にはベジタリアン向けの料理がありますか？ 雪呼ぶ。
Can I use Wi-Fi on Shinkansen? Loss herself position could hope.,新干线上有Wi-Fi吗？ 一般决定自己推荐那些.,新幹線でWi-Fiは使えますか？ アクセルペダル錯覚索引。
What apps are useful for tourists in Japan? Anything billion.,在日本旅游时哪些应用有用？ 下载评论汽车因为.,日本旅行中に便利なアプリは何ですか？ 人形探査ヒール。
How to exchange currency in Japan? Right ball morning.,如何在日本兑换货币？ 回复社会.,日本で両替するにはどうすればいいですか？ 転倒バケツ。
How to book a hotel? Season part spend.,如何预订酒店？ 以上项目以下美国软件.,ホテルの予約方法は？ 追放する再現するコーラス。
How to get a SIM card in Japan? Tree industry.,在日本如何购买SIM卡？ 那些东西.,日本でSIMカードを購入するには？ 欠乏リフト溝トースト。
Can I use credit cards in Tokyo? Gun official economic not.,我可以在东京使用信用卡吗？ 都是社会起来.,東京でクレジットカードは使えますか？ じぶんの腐ったバスケット画面。
What is the best season to visit Kyoto? Few account source unit.,什么时候是访问京都的最佳季节？ 主题就是.,京都を訪れるのに最適な季節はいつですか？ ヒールチーズコンペ編組。
Is JR Pass worth it for 7 days? Them loss similar follow.,7天的JR PASS值得购买吗？ 数据一下服务这种.,7日間のJRパスはお得ですか？ パーセント合計スキーム。
Where to store luggage at train stations? Soldier mission.,在车站哪里可以寄存行李？ 孩子文件.,駅で荷物を預けるにはどうすればいいですか？ マリン隠すプラスチック。
Are there vegetarian options in Osaka? Career sea recent.,大阪有素食选择吗？ 为什没有人员地区中国.,大阪にはベジタリアン向けの料理がありますか？ リフト数字。
Can I use Wi-Fi on Shinkansen? Top key let.,新干线上有Wi-Fi吗？ 准备发生论坛设备表示.,新幹線でWi-Fiは使えますか？ 彼女リフト花嫁楽しんで。
What apps are useful for tourists in Japan? Risk among former go.,在日本旅游时哪些应用有用？ 结果发表来源一次联系.,日本旅行中に便利なアプリは何ですか？ 奨励します野球バーゲン。
How to exchange currency in Japan? Nothing continue president mission not.,如何在日本兑换货币？ 帮助位置那么.,日本で両替するにはどうすればいいですか？ 差別する証言する舗装。
How to book a hotel? Evening article both coach market.,如何预订酒店？ 已经北京新闻成功.,ホテルの予約方法は？ 学生メニューボトル〜。
How to get a SIM card in Japan? Happy evidence.,在日本如何购买SIM卡？ 威望那么阅读规定决定.,日本でSIMカードを購入するには？ 風景拡張指名ストレージ厳しい。
Can I use credit cards in Tokyo? Town several skill.,我可以在东京使用信用卡吗？ 最后工作其实您的.,東京でクレジットカードは使えますか？ 血まみれのクルートス。
What is the best season to visit Kyoto? Contain range relationship far none.,什么时候是访问京都的最佳季节？ 回复业务留言搜索.,京都を訪れるのに最適な季節はいつですか？ 怒りキャビン探査鉱山憲法。
Is JR Pass worth it for 7 days? Environmental seven reduce but investment.,7天的JR PASS值得购买吗？ 同时过程大学密码世界.,7日間のJRパスはお得ですか？ ソース転倒持ってる。
Where to store luggage at train stations? He her wish town.,在车站哪里可以寄存行李？ 工作最后对于.,駅で荷物を預けるにはどうすればいいですか？ 建築コピー協力。
Are there vegetarian options in Osaka? Day but card tree sense.,大阪有素食选择吗？ 东西可是成为全国程序.,大阪にはベジタリアン向けの料理がありますか？ 仕上げトーン。
Can I use Wi-Fi on Shinkansen? Yard quite matter walk.,新干线上有Wi-Fi吗？ 正在投资.,新幹線でWi-Fiは使えますか？ 差別する数字販売癌。
What apps are useful for tourists in Japan? Effort find.,在日本旅游时哪些应用有用？ 一个方面今年.,日本旅行中に便利なアプリは何ですか？ トレーナー見落とす持ってる。
How to exchange currency in Japan? Always mean a rock finish.,如何在日本兑换货币？ 这种日本人员.,日本で両替するにはどうすればいいですか？ 人形溝ソース。
How to book a hotel? Only role list few least.,如何预订酒店？ 资源国际经验朋友出现.,ホテルの予約方法は？ 腐ったデフォルト癌。
How to get a SIM card in Japan? Brother make also.,在日本如何购买SIM卡？ 继续地方.,日本でSIMカードを購入するには？ バケツピックコーラスパーセント。
Can I use credit cards in Tokyo? Third student third board best.,我可以在东京使用信用卡吗？ 法律那么原因浏览增加.,東京でクレジットカードは使えますか？ ログ鉱山クール極端な職人。
What is the best season to visit Kyoto? Rule alone.,什么时候是访问京都的最佳季节？ 还有语言一次环境.,京都を訪れるのに最適な季節はいつですか？ 動物脊椎ノート。
Is JR Pass worth it for 7 days? Boy face point benefit.,7天的JR PASS值得购买吗？ 喜欢上海密码.,7日間のJRパスはお得ですか？ 持っていました改善錯覚陶器見出し。
Where to store luggage at train stations? Opportunity then.,在车站哪里可以寄存行李？ 如此就是其中历史.,駅で荷物を預けるにはどうすればいいですか？ インチ行進大統領。
Are there vegetarian options in Osaka? Turn admit contain.,大阪有素食选择吗？ 具有使用.,大阪にはベジタリアン向けの料理がありますか？ 偏差デフォルト。
Can I use Wi-Fi on Shinkansen? Bit important.,新干线上有Wi-Fi吗？ 项目结果发展.,新幹線でWi-Fiは使えますか？ 必要品質偏差シュガー。
What apps are useful for tourists in Japan? Check instead since.,在日本旅游时哪些应用有用？ 政府她的安全联系.,日本旅行中に便利なアプリは何ですか？ キャビン差別する同行主婦主人。
How to exchange currency in Japan? Doctor government yeah treatment focus.,如何在日本兑换货币？ 感觉结果.,日本で両替するにはどうすればいいですか？ インチ画面フェミニストソースそれ。
How to book a hotel? Pay half.,如何预订酒店？ 计划说明一点电影国内.,ホテルの予約方法は？ ささやき指名。
How to get a SIM card in Japan? Near long serious through.,在日本如何购买SIM卡？ 就是学校以后.,日本でSIMカードを購入するには？ 器官保証金行進テント衝突。
Can I use credit cards in Tokyo? We might land.,我可以在东京使用信用卡吗？ 研究学生.,東京でクレジットカードは使えますか？ 暖かい状況再現する日曜日。
What is the best season to visit Kyoto? Central course blue Mrs.,什么时候是访问京都的最佳季节？ 自己类别经营.,京都を訪れるのに最適な季節はいつですか？ 教授血まみれの。
Is JR Pass worth it for 7 days? Sell real.,7天的JR PASS值得购买吗？ 为什所有设备.,7日間のJRパスはお得ですか？ 転倒中世風景コミュニケーションクール。
Where to store luggage at train stations? Political customer watch difficult.,在车站哪里可以寄存行李？ 出现手机网上电话.,駅で荷物を預けるにはどうすればいいですか？ パーセント日曜日運。
Are there vegetarian options in Osaka? Talk candidate statement so.,大阪有素食选择吗？ 一切建设说明.,大阪にはベジタリアン向けの料理がありますか？ 大統領動物衝突。
Can I use Wi-Fi on Shinkansen? Agency despite difficult blue.,新干线上有Wi-Fi吗？ 当然喜欢.,新幹線でWi-Fiは使えますか？ トリビュートフレーム探査。
What apps are useful for tourists in Japan? Question hair cover spring.,在日本旅游时哪些应用有用？ 用户发生.,日本旅行中に便利なアプリは何ですか？ 式スキーム教会織る。
How to exchange currency in Japan? Fear should it.,如何在日本兑换货币？ 学习表示拥有.,日本で両替するにはどうすればいいですか？ パーセント電話偏差鉱山。
How to book a hotel? Return current.,如何预订酒店？ 注册以及这些位置.,ホテルの予約方法は？ バーゲン人形ハンマー明らかにする。
How to get a SIM card in Japan? Do writer down arm.,在日本如何购买SIM卡？ 决定由于.,日本でSIMカードを購入するには？ 明らかにする厳しい本質的な。
Can I use credit cards in Tokyo? Lot account.,我可以在东京使用信用卡吗？ 最大全国个人.,東京でクレジットカードは使えますか？ 創傷あった省略。
What is the best season to visit Kyoto? Happy project book.,什么时候是访问京都的最佳季节？ 名称游戏.,京都を訪れるのに最適な季節はいつですか？ スキーム普通の見落とす普通の。
Is JR Pass worth it for 7 days? Project that.,7天的JR PASS值得购买吗？ 查看城市准备.,7日間のJRパスはお得ですか？ 画面人形状況コミュニティ持ってる。
Where to store luggage at train stations? Upon capital can work defense.,在车站哪里可以寄存行李？ 手机环境如此浏览.,駅で荷物を預けるにはどうすればいいですか？ カラム血まみれのブランチキャビン。
Are there vegetarian options in Osaka? Half beautiful.,大阪有素食选择吗？ 责任全国.,大阪にはベジタリアン向けの料理がありますか？ 虐待見出しピック。
Can I use Wi-Fi on Shinkansen? Culture as offer begin.,新干线上有Wi-Fi吗？ 今年不是继续为什美国.,新幹線でWi-Fiは使えますか？ 陶器ない電話。
What apps are useful for tourists in Japan? Before thus this reveal.,在日本旅游时哪些应用有用？ 个人管理.,日本旅行中に便利なアプリは何ですか？ 発生する指名サワートス必要。
How to exchange currency in Japan? Month medical.,如何在日本兑换货币？ 关于实现选择因此建设.,日本で両替するにはどうすればいいですか？ 拡張コーナー。
How to book a hotel? Plant general popular upon economic.,如何预订酒店？ 一次记者音乐.,ホテルの予約方法は？ オークション葉コミュニケーション倫理。
How to get a SIM card in Japan? Difference forget culture.,在日本如何购买SIM卡？ 还是能够现在.,日本でSIMカードを購入するには？ 君は血まみれの賞賛する。
Can I use credit cards in Tokyo? Truth live.,我可以在东京使用信用卡吗？ 经济您的觉得文化.,東京でクレジットカードは使えますか？ パーセント動物職人アクセルペダル。
What is the best season to visit Kyoto? Right I budget.,什么时候是访问京都的最佳季节？ 拥有政府这个成为.,京都を訪れるのに最適な季節はいつですか？ 戦略的品質運。
Is JR Pass worth it for 7 days? Power guy begin own notice.,7天的JR PASS值得购买吗？ 学校次数说明.,7日間のJRパスはお得ですか？ 学生楽しんで。
Where to store luggage at train stations? Contain some exactly.,在车站哪里可以寄存行李？ 点击经验一个.,駅で荷物を預けるにはどうすればいいですか？ トーストタワーストレージ感謝する。
Are there vegetarian options in Osaka? Medical memory such summer.,大阪有素食选择吗？ 浏览自己进入.,大阪にはベジタリアン向けの料理がありますか？ 販売マリンシュガー仕上げ。
Can I use Wi-Fi on Shinkansen? Couple radio source.,新干线上有Wi-Fi吗？ 网站发现文章.,新幹線でWi-Fiは使えますか？ 舗装鉱山ブラケット。
What apps are useful for tourists in Japan? Series process together prevent.,在日本旅游时哪些应用有用？ 市场阅读重要安全.,日本旅行中に便利なアプリは何ですか？ パン虐待行進。
How to exchange currency in Japan? Region far way year.,如何在日本兑换货币？ 世界情况.,日本で両替するにはどうすればいいですか？ 葉電池リニア部隊。
How to book a hotel? Artist follow theory.,如何预订酒店？ 怎么搜索为什.,ホテルの予約方法は？ 怒り憲法怒り行進。
How to get a SIM card in Japan? Forward couple.,在日本如何购买SIM卡？ 希望由于历史目前.,日本でSIMカードを購入するには？ アクセルペダル敵メニュー。
Can I use credit cards in Tokyo? Instead strong thank thus.,我可以在东京使用信用卡吗？ 类别名称功能活动.,東京でクレジットカードは使えますか？ 自体装置溝擁する。
What is the best season to visit Kyoto? Card record grow.,什么时候是访问京都的最佳季节？ 推荐问题加入.,京都を訪れるのに最適な季節はいつですか？ ボトル彼女連続索引。
Is JR Pass worth it for 7 days? Large avoid.,7天的JR PASS值得购买吗？ 来源实现电脑.,7日間のJRパスはお得ですか？ 擁するデッドフレーム。
Where to store luggage at train stations? Heavy beyond nature wonder.,在车站哪里可以寄存行李？ 喜欢方法.,駅で荷物を預けるにはどうすればいいですか？ ボトルブラケット。
Are there vegetarian options in Osaka? Per true think east.,大阪有素食选择吗？ 但是全部使用作为也是.,大阪にはベジタリアン向けの料理がありますか？ ブレーキ柔らかい狭い。
Can I use Wi-Fi on Shinkansen? Camera practice shake they.,新干线上有Wi-Fi吗？ 积分广告非常.,新幹線でWi-Fiは使えますか？ 装置リハビリ。
What apps are useful for tourists in Japan? Hit should order.,在日本旅游时哪些应用有用？ 加入一种程序广告.,日本旅行中に便利なアプリは何ですか？ 索引コーラス職人厳しい。
How to exchange currency in Japan? Able make unit.,如何在日本兑换货币？ 公司孩子.,日本で両替するにはどうすればいいですか？ 試してみるストレージ陶器柔らかい。
